AadharCard,FIR_Reg_No
61441079693,488B5880-F480-A022-C84A-B766673A21A8
7.56345E+11,7C3BCE29-0DF8-EAE7-7D65-C7757BB099A3
3.24526E+11,8209A138-635F-CB98-A04E-6914D90C3B5B
1.26955E+11,E85660AF-E86D-71AD-41CB-B972093CF2FA
7.563E+11,BC06A8B0-F67D-69D7-550C-3F5D3610378F
5.0654E+11,59A1CDEF-20AE-D291-AE42-3A01D575E270
8.99575E+11,3E81AFA6-E6B7-DCEF-BA0E-AD9E67FC1D0E
5.45847E+11,4FD1A566-02F5-F606-BC07-30015934630E
5.11162E+11,99FF15DD-A99C-94B7-B6A3-F891EB736F36
3709623331,BE1EBD82-2526-485A-EC6E-5635B86DCCD2
4.00181E+11,030F118F-2F98-BD51-C1F3-74BE0D6A52D6
9.19175E+11,4373078A-3BAC-FA4B-8B3B-96635821C13F
5.38373E+11,45E00260-EB11-545F-3A49-B4FCCBDA8395
4.15625E+11,93C1EC52-0803-DD40-45D7-34792CE24A2C
2.10462E+11,EC8CB5A5-04F6-2FF5-05D0-E95BAF7E903F
7.72425E+11,BE99EDB0-EAB4-30A3-83B4-4F4D4AB70FF9
5.99689E+11,61DB2D83-CA89-E710-AF73-BBAC014E07F0
2.43884E+11,17BF99A2-B098-AA16-9066-BCC0C3E549FE
6.30818E+11,CE49EC13-F0BC-21C2-955A-F6113E3E698D
2.23263E+11,F30AFAA9-77B4-E15B-3048-0BD8FB8DD96F
9.42228E+11,8F7E98FF-FBEE-949C-E60F-7500BE9422E5
2.31721E+11,462159B4-BD36-AF6E-E12A-16F86A51E506
5.37199E+11,79719FBF-AA3B-882F-00AA-B6C2876BC034
1.00426E+11,B3D27335-9061-9C8F-A9EF-F0F262292A56
2.00523E+11,B3B78752-B54D-FE67-B517-697D9164A2A8
7.35362E+11,BFE8C240-9A2A-8684-369C-82BF1D6EBFEC
5.59081E+11,36C2F871-96C5-C0FA-3811-09BF4F095FFC
1.07331E+11,4738C90E-16FB-4F8F-E10D-56061F1B6E71
8.55485E+11,DD818E58-5FC1-9CC2-8DE4-BD31A034F4DD
2.33819E+11,279DB3C2-2741-452C-0F54-2633C737B791
4.4772E+11,CF7FEDBF-DBB1-B9C3-0514-D3D32CC0CE15
8.70623E+11,9A9ECB9B-EB2D-8580-B488-2A8B2B2EF2C1
8.63646E+11,DDCDF334-C8B2-EBCC-BEA0-0AC6951FB4CF
4.73279E+11,C2A16240-F6F9-D4B9-76D7-290AB7B0E940
2.94929E+11,36F99224-4D5C-ED23-0B79-5217C7FE333B
1.92229E+11,9F0D2BBF-36CD-4C34-1D7A-63F9AD85C601
2.49912E+11,F72222BC-DA1A-8980-0059-CF24B49556FD
4.94994E+11,48687837-C7F6-ED2C-539A-A8DD07F86191
8.87545E+11,FC7D2983-FBD7-7A38-087A-D9CFC95FC7A9
1.03782E+11,F975A332-5D82-EFBF-99F8-D1AF79B61871
4.09976E+11,25BEAA39-AF0C-2A4D-9368-5291C61DDA9D
3.85417E+11,7FA055BC-A131-580E-CA25-2F42F4E153E7
3.94014E+11,7A1198A3-7621-D1F8-8B07-DF883908F5F6
6.76987E+11,99AD5738-9528-0D5E-B976-D5E7ED717966
7.59389E+11,6A9BCA4F-1F4E-CB67-B994-B3F2E1199C2F
3.18907E+11,A6C54377-A709-D14E-7FBC-E55D2D1B4847
2.10301E+11,CC9C91F4-AC99-D656-8B18-959E4AD8AC50
1.56197E+11,6F560F0A-839D-C595-5111-67F22BAC2700
7.16105E+11,5D0F6AF1-0CD0-B01F-1F3A-BBF7E8F140FD
9.53321E+11,78C9EBA3-DF88-B605-1575-F2112F400581
5.52029E+11,01859531-AE49-B6C5-2DB6-1D71856CFF7C
99705864675,04C43BE4-A6A5-AD28-7135-AF88E856AD43
5.96155E+11,83DFBC2A-1766-B3A7-4495-BB32457E6C40
3.93228E+11,FF0883A0-5003-5D05-16E1-15282ED4D2F9
4.96431E+11,0B9D0276-33D3-8338-8496-05DE6F501BF5
2.45667E+11,CDC6E302-DF70-AB22-1EF3-F1D931E60995
3.63835E+11,018AEA19-6B4E-C7A9-9A37-5C41447C5B11
8.20038E+11,E11ABC9A-EF8B-3FD8-E8D4-7BAA4E436CFD
2.73341E+11,779E371A-92F1-D741-C297-5D185FBD1543
8.89514E+11,624C054A-E52C-2C3B-2B46-59751290AA9B
8.71366E+11,811E7A43-5AFF-0705-B881-5D49F085ADE7
48719095925,C54B6125-1C06-AD3C-9141-AD43E4358D96
5.27898E+11,21AB6735-3E66-35FD-CD69-96A96363B3CD
4.53911E+11,606288F8-6E0F-90E4-E043-0F3B6794846D
41230731286,22808B6A-5502-7160-F4FA-2A36EF223CF0
8.7302E+11,434B37CA-3F95-222D-A5FE-2E8560625E41
1.65624E+11,12737B0A-CF1C-3B5A-E0F9-157E928B16EF
7.7227E+11,2CA2DE51-390B-E009-A592-F8FF13497E38
1.27909E+11,B1501762-0665-A5AE-DFEB-F80C1EC34152
9.80995E+11,3E6EE602-9319-8C80-B124-F597AE8FD73E
2.86203E+11,78840E33-F191-9BEF-010E-C2CA3A7C1AC1
9.76488E+11,CD7077D2-8A87-05E9-D89D-1F9AA55F825A
7.12575E+11,4D732F73-7E8D-B6D9-0406-BF31F73A560B
1.07402E+11,79D275D8-EA94-DBDC-0F4F-3945E16217FE
2.68145E+11,ED668355-5D4E-5885-076F-A8645BE63BBA
7.82315E+11,FEF63409-0E49-2A1A-A5CB-E2862DA9B7BE
6.01148E+11,BB843836-083F-2EFA-F836-C7DF15D34F94
5.9924E+11,5246D3D0-38ED-BC89-9A33-F5823DAC7E0A
2.63508E+11,BF9277D8-508F-AB31-34BD-D7E3539B85B2
8.75956E+11,C904ACEB-8A32-B969-5652-014A7E7E0472
8.72615E+11,3C275DE7-12FD-660A-2F30-416A26A2E95F
2.16486E+11,9772AD80-480C-7961-825A-DA4A61A4D4A5
8.0872E+11,9D34D55C-3689-4747-7365-603060BD789D
4.89499E+11,E2F9D554-43E3-4380-9EEA-F3285C4215E4
5.71694E+11,AC4ADFDB-2A8F-FDAE-2619-18892EC62D0F
8.21306E+11,BB1BC0FE-B4DC-78B4-613C-DFD84E3E64C1
6.88783E+11,37D675D8-C57A-CE8C-519C-12BA55F01F0F
7.36185E+11,03BF4488-6451-A905-D9EB-FA36E9508DB2
7.06602E+11,EA6CEEEF-7672-995B-E7A0-56CA5C51D22E
21509693466,EE1C2A44-6278-943F-1501-1081F059B3A3
4.93108E+11,1740E638-C4E4-FDAA-4C8E-3A114797F1DC
7.90064E+11,03FCBE81-FD31-F285-A823-4CEF8358E53E
6.17201E+11,8CCE8886-BBA7-5EB0-5585-6A150140DF81
61091115587,9B8042F9-0E7D-FA93-4443-7102AA2ABBD4
5.95536E+11,EF75A55F-B460-5FEE-3907-12DD368574BE
2.01242E+11,2CE54815-08A6-AAB4-91CB-85E5A13E0E1E
6.40004E+11,B696CD35-F1EC-7B6B-8DBF-AD8280B7427F
9.45955E+11,EF8BE9E0-4251-F76A-0F71-7322BD651D0E
6.2853E+11,06C9D852-A9DD-FDD3-8C99-11A91ED55659
1.10217E+11,7047AFB6-C6CF-284A-219C-BDB089D6A0EF
